[{"model": "course.course", "pk": 1, "fields": {"cname": "Database Management Systems", "branch": "COMP", "year": "SE", "sem": "4", "batch": "2020", "sem_type": "odd"}}, {"model": "course.course", "pk": 2, "fields": {"cname": "Applied Maths 2", "branch": "COMP", "year": "SE", "sem": "4", "batch": "2019", "sem_type": "even"}}, {"model": "course.course", "pk": 3, "fields": {"cname": "Design And Analysis Of Algorithms", "branch": "COMP", "year": "SE", "sem": "4", "batch": "2019", "sem_type": "odd"}}, {"model": "course.course", "pk": 4, "fields": {"cname": "Digital Signal Processing", "branch": "COMP", "year": "TE", "sem": "6", "batch": "2020", "sem_type": "odd"}}, {"model": "course.course", "pk": 5, "fields": {"cname": "Machine Learning", "branch": "COMP", "year": "TE", "sem": "6", "batch": "2020", "sem_type": "odd"}}, {"model": "course.course", "pk": 6, "fields": {"cname": "Test Course Third Year", "branch": "COMP", "year": "TE", "sem": "6", "batch": "2020", "sem_type": "odd"}}, {"model": "course.course", "pk": 7, "fields": {"cname": "Test Course 1 Final Year", "branch": "COMP", "year": "BE", "sem": "8", "batch": "2020", "sem_type": "odd"}}, {"model": "course.course", "pk": 8, "fields": {"cname": "Test Course 2 Final Year", "branch": "COMP", "year": "BE", "sem": "8", "batch": "2020", "sem_type": "odd"}}, {"model": "course.course", "pk": 9, "fields": {"cname": "Test Course 3 Final Year", "branch": "COMP", "year": "BE", "sem": "8", "batch": "2020", "sem_type": "odd"}}, {"model": "course.question", "pk": 1, "fields": {"course": 1, "question": "Question 1"}}, {"model": "course.question", "pk": 2, "fields": {"course": 1, "question": "Question 2"}}, {"model": "course.question", "pk": 3, "fields": {"course": 1, "question": "Question 3"}}, {"model": "course.question", "pk": 4, "fields": {"course": 1, "question": "Question 4"}}, {"model": "course.question", "pk": 5, "fields": {"course": 2, "question": "Question 1"}}, {"model": "course.question", "pk": 6, "fields": {"course": 2, "question": "Question 2"}}, {"model": "course.question", "pk": 7, "fields": {"course": 2, "question": "Question 3"}}, {"model": "course.question", "pk": 8, "fields": {"course": 3, "question": "Question 1"}}, {"model": "course.question", "pk": 9, "fields": {"course": 3, "question": "Question 2"}}, {"model": "course.question", "pk": 10, "fields": {"course": 3, "question": "Question 3"}}, {"model": "course.question", "pk": 11, "fields": {"course": 3, "question": "Question 4"}}, {"model": "course.question", "pk": 12, "fields": {"course": 4, "question": "Question 1"}}, {"model": "course.question", "pk": 13, "fields": {"course": 4, "question": "Question 2"}}, {"model": "course.question", "pk": 14, "fields": {"course": 5, "question": "Question 1"}}, {"model": "course.question", "pk": 15, "fields": {"course": 5, "question": "Question 2"}}, {"model": "course.question", "pk": 16, "fields": {"course": 5, "question": "Question 3"}}, {"model": "course.question", "pk": 17, "fields": {"course": 5, "question": "Question 4"}}, {"model": "course.question", "pk": 19, "fields": {"course": 7, "question": "Question 2"}}, {"model": "course.question", "pk": 20, "fields": {"course": 7, "question": "Question 3"}}, {"model": "course.question", "pk": 23, "fields": {"course": 9, "question": "Question 1"}}, {"model": "course.question", "pk": 24, "fields": {"course": 9, "question": "Question 2"}}, {"model": "course.question", "pk": 25, "fields": {"course": 9, "question": "Question 3"}}, {"model": "course.question", "pk": 26, "fields": {"course": 9, "question": "Question 4"}}, {"model": "course.question", "pk": 32, "fields": {"course": 5, "question": "New ML Question 3"}}, {"model": "course.question", "pk": 34, "fields": {"course": 7, "question": "Question 4"}}, {"model": "course.question", "pk": 37, "fields": {"course": 7, "question": "Update Question again added"}}, {"model": "course.question", "pk": 38, "fields": {"course": 1, "question": "This is a very long question intended to check layout of this card?"}}, {"model": "course.question", "pk": 39, "fields": {"course": 8, "question": "Does the teacher have sufficient knowledge?"}}, {"model": "course.question", "pk": 40, "fields": {"course": 8, "question": "Is the faculty punctual?"}}, {"model": "course.question", "pk": 41, "fields": {"course": 8, "question": "Does the faculty help in solving doubts and clearing concepts whenever asked?"}}, {"model": "course.question", "pk": 45, "fields": {"course": 6, "question": "Test Course Third Year dummy Question updated?"}}, {"model": "course.response", "pk": 57, "fields": {"question": 1, "student": 1, "answer": "Average"}}, {"model": "course.response", "pk": 58, "fields": {"question": 2, "student": 1, "answer": "High"}}, {"model": "course.response", "pk": 59, "fields": {"question": 3, "student": 1, "answer": "High"}}, {"model": "course.response", "pk": 60, "fields": {"question": 4, "student": 1, "answer": "Average"}}, {"model": "course.response", "pk": 61, "fields": {"question": 38, "student": 1, "answer": "Low"}}, {"model": "course.response", "pk": 62, "fields": {"question": 1, "student": 2, "answer": "Average"}}, {"model": "course.response", "pk": 63, "fields": {"question": 2, "student": 2, "answer": "High"}}, {"model": "course.response", "pk": 64, "fields": {"question": 3, "student": 2, "answer": "Low"}}, {"model": "course.response", "pk": 65, "fields": {"question": 4, "student": 2, "answer": "Average"}}, {"model": "course.response", "pk": 66, "fields": {"question": 38, "student": 2, "answer": "Low"}}, {"model": "course.response", "pk": 67, "fields": {"question": 1, "student": 6, "answer": "Average"}}, {"model": "course.response", "pk": 68, "fields": {"question": 2, "student": 6, "answer": "High"}}, {"model": "course.response", "pk": 69, "fields": {"question": 3, "student": 6, "answer": "Average"}}, {"model": "course.response", "pk": 70, "fields": {"question": 4, "student": 6, "answer": "Low"}}, {"model": "course.response", "pk": 71, "fields": {"question": 38, "student": 6, "answer": "Low"}}, {"model": "course.response", "pk": 72, "fields": {"question": 1, "student": 7, "answer": "Average"}}, {"model": "course.response", "pk": 73, "fields": {"question": 2, "student": 7, "answer": "High"}}, {"model": "course.response", "pk": 74, "fields": {"question": 3, "student": 7, "answer": "Low"}}, {"model": "course.response", "pk": 75, "fields": {"question": 4, "student": 7, "answer": "Average"}}, {"model": "course.response", "pk": 76, "fields": {"question": 38, "student": 7, "answer": "High"}}, {"model": "course.response", "pk": 77, "fields": {"question": 1, "student": 9, "answer": "Low"}}, {"model": "course.response", "pk": 78, "fields": {"question": 2, "student": 9, "answer": "High"}}, {"model": "course.response", "pk": 79, "fields": {"question": 3, "student": 9, "answer": "Low"}}, {"model": "course.response", "pk": 80, "fields": {"question": 4, "student": 9, "answer": "High"}}, {"model": "course.response", "pk": 81, "fields": {"question": 38, "student": 9, "answer": "High"}}, {"model": "course.response", "pk": 82, "fields": {"question": 8, "student": 2, "answer": "High"}}, {"model": "course.response", "pk": 83, "fields": {"question": 9, "student": 2, "answer": "Average"}}, {"model": "course.response", "pk": 84, "fields": {"question": 10, "student": 2, "answer": "Average"}}, {"model": "course.response", "pk": 85, "fields": {"question": 8, "student": 2, "answer": "Average"}}, {"model": "course.response", "pk": 86, "fields": {"question": 9, "student": 2, "answer": "High"}}, {"model": "course.response", "pk": 87, "fields": {"question": 10, "student": 2, "answer": "Low"}}, {"model": "course.response", "pk": 88, "fields": {"question": 11, "student": 2, "answer": "High"}}, {"model": "course.response", "pk": 89, "fields": {"question": 19, "student": 5, "answer": "Average"}}, {"model": "course.response", "pk": 90, "fields": {"question": 20, "student": 5, "answer": "High"}}, {"model": "course.response", "pk": 91, "fields": {"question": 34, "student": 5, "answer": "Low"}}, {"model": "course.response", "pk": 92, "fields": {"question": 37, "student": 5, "answer": "High"}}, {"model": "course.response", "pk": 93, "fields": {"question": 5, "student": 9, "answer": "Average"}}, {"model": "course.response", "pk": 94, "fields": {"question": 6, "student": 9, "answer": "High"}}, {"model": "course.response", "pk": 95, "fields": {"question": 7, "student": 9, "answer": "Low"}}, {"model": "course.courseexitstatus", "pk": 12, "fields": {"course": 1, "student": 1, "status": "Filled"}}, {"model": "course.courseexitstatus", "pk": 13, "fields": {"course": 1, "student": 2, "status": "Filled"}}, {"model": "course.courseexitstatus", "pk": 14, "fields": {"course": 1, "student": 6, "status": "Filled"}}, {"model": "course.courseexitstatus", "pk": 15, "fields": {"course": 1, "student": 7, "status": "Filled"}}, {"model": "course.courseexitstatus", "pk": 16, "fields": {"course": 1, "student": 9, "status": "Filled"}}, {"model": "course.courseexitstatus", "pk": 17, "fields": {"course": 3, "student": 2, "status": "Filled"}}, {"model": "course.courseexitstatus", "pk": 18, "fields": {"course": 7, "student": 5, "status": "Filled"}}, {"model": "course.courseexitstatus", "pk": 19, "fields": {"course": 2, "student": 9, "status": "Filled"}}, {"model": "teacher.facultycoursemapping", "pk": 1, "fields": {"teacher": 1, "course": 3}}, {"model": "teacher.facultycoursemapping", "pk": 2, "fields": {"teacher": 1, "course": 2}}, {"model": "teacher.facultycoursemapping", "pk": 3, "fields": {"teacher": 1, "course": 6}}, {"model": "teacher.facultycoursemapping", "pk": 4, "fields": {"teacher": 3, "course": 1}}, {"model": "teacher.facultycoursemapping", "pk": 5, "fields": {"teacher": 3, "course": 4}}, {"model": "teacher.facultycoursemapping", "pk": 6, "fields": {"teacher": 2, "course": 7}}, {"model": "teacher.facultycoursemapping", "pk": 7, "fields": {"teacher": 3, "course": 8}}, {"model": "teacher.facultycoursemapping", "pk": 8, "fields": {"teacher": 2, "course": 5}}, {"model": "teacher.facultycoursemapping", "pk": 9, "fields": {"teacher": 2, "course": 9}}, {"model": "contenttypes.contenttype", "pk": 1, "fields": {"app_label": "admin", "model": "logentry"}}, {"model": "contenttypes.contenttype", "pk": 2, "fields": {"app_label": "auth", "model": "permission"}}, {"model": "contenttypes.contenttype", "pk": 3, "fields": {"app_label": "auth", "model": "group"}}, {"model": "contenttypes.contenttype", "pk": 4, "fields": {"app_label": "auth", "model": "user"}}, {"model": "contenttypes.contenttype", "pk": 5, "fields": {"app_label": "contenttypes", "model": "contenttype"}}, {"model": "contenttypes.contenttype", "pk": 6, "fields": {"app_label": "sessions", "model": "session"}}, {"model": "contenttypes.contenttype", "pk": 7, "fields": {"app_label": "course", "model": "courseexitstatus"}}, {"model": "contenttypes.contenttype", "pk": 8, "fields": {"app_label": "course", "model": "question"}}, {"model": "contenttypes.contenttype", "pk": 9, "fields": {"app_label": "course", "model": "response"}}, {"model": "contenttypes.contenttype", "pk": 10, "fields": {"app_label": "course", "model": "course"}}, {"model": "contenttypes.contenttype", "pk": 11, "fields": {"app_label": "teacher", "model": "teacher"}}, {"model": "contenttypes.contenttype", "pk": 12, "fields": {"app_label": "teacher", "model": "facultycoursemapping"}}, {"model": "contenttypes.contenttype", "pk": 13, "fields": {"app_label": "student", "model": "student"}}, {"model": "contenttypes.contenttype", "pk": 14, "fields": {"app_label": "hod", "model": "hod"}}, {"model": "sessions.session", "pk": "042n0qrvmhdy9ol95roixchg5nhokbxn", "fields": {"session_data": "ZjQ4M2Q0NTM5MWM3Mzk4MTE4ZWZhYTk3MzZmZDkwMTA5YzU3YWMzMjp7Il9hdXRoX3VzZXJfaWQiOiIyIiwiX2F1dGhfdXNlcl9iYWNrZW5kIjoiZGphbmdvLmNvbnRyaWIuYXV0aC5iYWNrZW5kcy5Nb2RlbEJhY2tlbmQiLCJfYXV0aF91c2VyX2hhc2giOiI5MGY1ZTRlYzFhMmE0OTU0MWRmNTMzMDM1MThjNjQxYjMxMmEyOWE3In0=", "expire_date": "2020-07-27T12:14:58.733Z"}}, {"model": "sessions.session", "pk": "h584jpntsiun99tgg5k6lvly0k3glah1", "fields": {"session_data": "MWVhNzU0OTdjYzFiNjg5ZjI5NGZjZDhmMGEwYTZlNGMwMzczOTJhYjp7Il9hdXRoX3VzZXJfaWQiOiI5IiwiX2F1dGhfdXNlcl9iYWNrZW5kIjoiZGphbmdvLmNvbnRyaWIuYXV0aC5iYWNrZW5kcy5Nb2RlbEJhY2tlbmQiLCJfYXV0aF91c2VyX2hhc2giOiIzNWU4YWViOTE4NjhjNDdhZjI2YjI2OGViZGExYTczYzMyMDFkNzFjIn0=", "expire_date": "2020-09-20T10:29:04.842Z"}}, {"model": "sessions.session", "pk": "jmtilb1rcbp3nbaqlp7c93azaaozoyhy", "fields": {"session_data": "MTIyOGI5YThlOGNjNDkyMjIzYmU2NjYxMmRlY2UyN2IyY2E4NTZkZTp7fQ==", "expire_date": "2020-07-21T10:48:51.657Z"}}, {"model": "sessions.session", "pk": "m2khx1ydzhlp8blwgqg59afeghqx12zu", "fields": {"session_data": "YWUxNDcxNDZjYzI2ZDRkYTUzNGVkZWEzZTk0NDQwNGNhYmFhMmZiMTp7Il9hdXRoX3VzZXJfaWQiOiI4IiwiX2F1dGhfdXNlcl9iYWNrZW5kIjoiZGphbmdvLmNvbnRyaWIuYXV0aC5iYWNrZW5kcy5Nb2RlbEJhY2tlbmQiLCJfYXV0aF91c2VyX2hhc2giOiIwMjRmMjY3M2RhZTBkOGE5OWY3M2JmYTg5YmEzMTc2OTY2NDZmZTlmIn0=", "expire_date": "2020-07-26T13:41:02.862Z"}}, {"model": "sessions.session", "pk": "mu0wrn02kp6nfeq3m4ivweomavg11w7m", "fields": {"session_data": "YWUxNDcxNDZjYzI2ZDRkYTUzNGVkZWEzZTk0NDQwNGNhYmFhMmZiMTp7Il9hdXRoX3VzZXJfaWQiOiI4IiwiX2F1dGhfdXNlcl9iYWNrZW5kIjoiZGphbmdvLmNvbnRyaWIuYXV0aC5iYWNrZW5kcy5Nb2RlbEJhY2tlbmQiLCJfYXV0aF91c2VyX2hhc2giOiIwMjRmMjY3M2RhZTBkOGE5OWY3M2JmYTg5YmEzMTc2OTY2NDZmZTlmIn0=", "expire_date": "2020-07-29T10:16:34.200Z"}}, {"model": "auth.permission", "pk": 1, "fields": {"name": "Can add log entry", "content_type": 1, "codename": "add_logentry"}}, {"model": "auth.permission", "pk": 2, "fields": {"name": "Can change log entry", "content_type": 1, "codename": "change_logentry"}}, {"model": "auth.permission", "pk": 3, "fields": {"name": "Can delete log entry", "content_type": 1, "codename": "delete_logentry"}}, {"model": "auth.permission", "pk": 4, "fields": {"name": "Can view log entry", "content_type": 1, "codename": "view_logentry"}}, {"model": "auth.permission", "pk": 5, "fields": {"name": "Can add permission", "content_type": 2, "codename": "add_permission"}}, {"model": "auth.permission", "pk": 6, "fields": {"name": "Can change permission", "content_type": 2, "codename": "change_permission"}}, {"model": "auth.permission", "pk": 7, "fields": {"name": "Can delete permission", "content_type": 2, "codename": "delete_permission"}}, {"model": "auth.permission", "pk": 8, "fields": {"name": "Can view permission", "content_type": 2, "codename": "view_permission"}}, {"model": "auth.permission", "pk": 9, "fields": {"name": "Can add group", "content_type": 3, "codename": "add_group"}}, {"model": "auth.permission", "pk": 10, "fields": {"name": "Can change group", "content_type": 3, "codename": "change_group"}}, {"model": "auth.permission", "pk": 11, "fields": {"name": "Can delete group", "content_type": 3, "codename": "delete_group"}}, {"model": "auth.permission", "pk": 12, "fields": {"name": "Can view group", "content_type": 3, "codename": "view_group"}}, {"model": "auth.permission", "pk": 13, "fields": {"name": "Can add user", "content_type": 4, "codename": "add_user"}}, {"model": "auth.permission", "pk": 14, "fields": {"name": "Can change user", "content_type": 4, "codename": "change_user"}}, {"model": "auth.permission", "pk": 15, "fields": {"name": "Can delete user", "content_type": 4, "codename": "delete_user"}}, {"model": "auth.permission", "pk": 16, "fields": {"name": "Can view user", "content_type": 4, "codename": "view_user"}}, {"model": "auth.permission", "pk": 17, "fields": {"name": "Can add content type", "content_type": 5, "codename": "add_contenttype"}}, {"model": "auth.permission", "pk": 18, "fields": {"name": "Can change content type", "content_type": 5, "codename": "change_contenttype"}}, {"model": "auth.permission", "pk": 19, "fields": {"name": "Can delete content type", "content_type": 5, "codename": "delete_contenttype"}}, {"model": "auth.permission", "pk": 20, "fields": {"name": "Can view content type", "content_type": 5, "codename": "view_contenttype"}}, {"model": "auth.permission", "pk": 21, "fields": {"name": "Can add session", "content_type": 6, "codename": "add_session"}}, {"model": "auth.permission", "pk": 22, "fields": {"name": "Can change session", "content_type": 6, "codename": "change_session"}}, {"model": "auth.permission", "pk": 23, "fields": {"name": "Can delete session", "content_type": 6, "codename": "delete_session"}}, {"model": "auth.permission", "pk": 24, "fields": {"name": "Can view session", "content_type": 6, "codename": "view_session"}}, {"model": "auth.permission", "pk": 25, "fields": {"name": "Can add course exit status", "content_type": 7, "codename": "add_courseexitstatus"}}, {"model": "auth.permission", "pk": 26, "fields": {"name": "Can change course exit status", "content_type": 7, "codename": "change_courseexitstatus"}}, {"model": "auth.permission", "pk": 27, "fields": {"name": "Can delete course exit status", "content_type": 7, "codename": "delete_courseexitstatus"}}, {"model": "auth.permission", "pk": 28, "fields": {"name": "Can view course exit status", "content_type": 7, "codename": "view_courseexitstatus"}}, {"model": "auth.permission", "pk": 29, "fields": {"name": "Can add question", "content_type": 8, "codename": "add_question"}}, {"model": "auth.permission", "pk": 30, "fields": {"name": "Can change question", "content_type": 8, "codename": "change_question"}}, {"model": "auth.permission", "pk": 31, "fields": {"name": "Can delete question", "content_type": 8, "codename": "delete_question"}}, {"model": "auth.permission", "pk": 32, "fields": {"name": "Can view question", "content_type": 8, "codename": "view_question"}}, {"model": "auth.permission", "pk": 33, "fields": {"name": "Can add response", "content_type": 9, "codename": "add_response"}}, {"model": "auth.permission", "pk": 34, "fields": {"name": "Can change response", "content_type": 9, "codename": "change_response"}}, {"model": "auth.permission", "pk": 35, "fields": {"name": "Can delete response", "content_type": 9, "codename": "delete_response"}}, {"model": "auth.permission", "pk": 36, "fields": {"name": "Can view response", "content_type": 9, "codename": "view_response"}}, {"model": "auth.permission", "pk": 37, "fields": {"name": "Can add course", "content_type": 10, "codename": "add_course"}}, {"model": "auth.permission", "pk": 38, "fields": {"name": "Can change course", "content_type": 10, "codename": "change_course"}}, {"model": "auth.permission", "pk": 39, "fields": {"name": "Can delete course", "content_type": 10, "codename": "delete_course"}}, {"model": "auth.permission", "pk": 40, "fields": {"name": "Can view course", "content_type": 10, "codename": "view_course"}}, {"model": "auth.permission", "pk": 41, "fields": {"name": "Can add teacher", "content_type": 11, "codename": "add_teacher"}}, {"model": "auth.permission", "pk": 42, "fields": {"name": "Can change teacher", "content_type": 11, "codename": "change_teacher"}}, {"model": "auth.permission", "pk": 43, "fields": {"name": "Can delete teacher", "content_type": 11, "codename": "delete_teacher"}}, {"model": "auth.permission", "pk": 44, "fields": {"name": "Can view teacher", "content_type": 11, "codename": "view_teacher"}}, {"model": "auth.permission", "pk": 45, "fields": {"name": "Can add faculty course mapping", "content_type": 12, "codename": "add_facultycoursemapping"}}, {"model": "auth.permission", "pk": 46, "fields": {"name": "Can change faculty course mapping", "content_type": 12, "codename": "change_facultycoursemapping"}}, {"model": "auth.permission", "pk": 47, "fields": {"name": "Can delete faculty course mapping", "content_type": 12, "codename": "delete_facultycoursemapping"}}, {"model": "auth.permission", "pk": 48, "fields": {"name": "Can view faculty course mapping", "content_type": 12, "codename": "view_facultycoursemapping"}}, {"model": "auth.permission", "pk": 49, "fields": {"name": "Can add student", "content_type": 13, "codename": "add_student"}}, {"model": "auth.permission", "pk": 50, "fields": {"name": "Can change student", "content_type": 13, "codename": "change_student"}}, {"model": "auth.permission", "pk": 51, "fields": {"name": "Can delete student", "content_type": 13, "codename": "delete_student"}}, {"model": "auth.permission", "pk": 52, "fields": {"name": "Can view student", "content_type": 13, "codename": "view_student"}}, {"model": "auth.permission", "pk": 53, "fields": {"name": "Can add hod", "content_type": 14, "codename": "add_hod"}}, {"model": "auth.permission", "pk": 54, "fields": {"name": "Can change hod", "content_type": 14, "codename": "change_hod"}}, {"model": "auth.permission", "pk": 55, "fields": {"name": "Can delete hod", "content_type": 14, "codename": "delete_hod"}}, {"model": "auth.permission", "pk": 56, "fields": {"name": "Can view hod", "content_type": 14, "codename": "view_hod"}}, {"model": "auth.user", "pk": 1, "fields": {"password": "pbkdf2_sha256$150000$8PSXHHQcogus$DOqk7tItK8AYmCIYyh3Y5zzZa0/cUsQKCA8w3b7QK+A=", "last_login": "2020-09-06T10:14:35.223Z", "is_superuser": true, "username": "admin", "first_name": "", "last_name": "", "email": "dummy@email.com", "is_staff": true, "is_active": true, "date_joined": "2020-07-07T10:05:08Z", "groups": [], "user_permissions": []}}, {"model": "auth.user", "pk": 2, "fields": {"password": "pbkdf2_sha256$150000$wHGdRuEiDdbR$B1e76YmD7KC1Gog2zMz66VUUh0PQCVjPRs8/mJdwc3Y=", "last_login": "2020-07-13T12:16:00.832Z", "is_superuser": false, "username": "VirajVohera", "first_name": "Viraj", "last_name": "Vohera", "email": "viraj.vohera@spit.ac.in", "is_staff": false, "is_active": true, "date_joined": "2020-07-07T10:06:05Z", "groups": [], "user_permissions": []}}, {"model": "auth.user", "pk": 3, "fields": {"password": "pbkdf2_sha256$150000$UutbCgwpch92$XhPPugLpaRoJV4BMv6wztfj1B0N8rxYOGTsKlDrdrQg=", "last_login": "2020-07-21T11:07:34.510Z", "is_superuser": false, "username": "RishiKaul", "first_name": "Rishi", "last_name": "Kaul", "email": "rishi.kaul@spit.ac.in", "is_staff": false, "is_active": true, "date_joined": "2020-07-07T10:06:54Z", "groups": [], "user_permissions": []}}, {"model": "auth.user", "pk": 4, "fields": {"password": "pbkdf2_sha256$150000$d3FzURK60YI9$heO9aSW2/OQ3a9CXDkqOjCiYV9nBVg1CjE6NKh7TMsA=", "last_login": null, "is_superuser": false, "username": "RajGorhekar", "first_name": "Raj", "last_name": "Gorhekar", "email": "raj.gorhekar@spit.ac.in", "is_staff": false, "is_active": true, "date_joined": "2020-07-07T10:08:07Z", "groups": [], "user_permissions": []}}, {"model": "auth.user", "pk": 5, "fields": {"password": "pbkdf2_sha256$150000$NEkNz0QpdGfZ$32tMVUPdLrPggUOHBJg9Arvp0gB/vuqZQcr/oQ7dC70=", "last_login": "2020-09-06T09:42:21.061Z", "is_superuser": false, "username": "ShubhamShetty", "first_name": "Shubham", "last_name": "Shetty", "email": "shubham.shetty@spit.ac.in", "is_staff": false, "is_active": true, "date_joined": "2020-07-07T10:09:00Z", "groups": [], "user_permissions": []}}, {"model": "auth.user", "pk": 6, "fields": {"password": "pbkdf2_sha256$150000$o3W6pXgtdJxD$3yQbXac3Mhlj1l688VI27Gn4M73PtDVZH8v9B22oT+0=", "last_login": "2020-07-14T14:25:33.008Z", "is_superuser": false, "username": "RitikSingh", "first_name": "Ritik", "last_name": "Singh", "email": "singhritik208@gmail.com", "is_staff": false, "is_active": true, "date_joined": "2020-07-07T10:09:38Z", "groups": [], "user_permissions": []}}, {"model": "auth.user", "pk": 7, "fields": {"password": "pbkdf2_sha256$150000$j0l4Mn1BEgem$w05JZhkAs9tLUYDFafEETAQklSBZjHJhySMpYv9skFE=", "last_login": "2020-09-06T10:12:41.178Z", "is_superuser": false, "username": "PramodBide", "first_name": "Pramod", "last_name": "Bhide", "email": "dummy@email.com", "is_staff": false, "is_active": true, "date_joined": "2020-07-07T10:10:47Z", "groups": [], "user_permissions": []}}, {"model": "auth.user", "pk": 8, "fields": {"password": "pbkdf2_sha256$150000$EngMf45cAMIy$XfAm7R6qJmyNEWEbeVWMQ+15LC0WA0gN/HFmYo7zgQA=", "last_login": "2020-09-06T10:12:12.248Z", "is_superuser": false, "username": "KiranGawande", "first_name": "Kiran", "last_name": "Gawande", "email": "ritik.singh@spit.ac.in", "is_staff": false, "is_active": true, "date_joined": "2020-07-07T10:11:32Z", "groups": [], "user_permissions": []}}, {"model": "auth.user", "pk": 9, "fields": {"password": "pbkdf2_sha256$150000$Ax4VCYgoHYLj$9n7p5lxSGkYhGOSinZ/P3SufzfNb76Gdi7AiicWXBG0=", "last_login": "2020-09-06T10:29:04.825Z", "is_superuser": false, "username": "NatashaRaul", "first_name": "Natasha", "last_name": "Raul", "email": "dummy@email.com", "is_staff": false, "is_active": true, "date_joined": "2020-07-07T10:12:13Z", "groups": [], "user_permissions": []}}, {"model": "auth.user", "pk": 10, "fields": {"password": "pbkdf2_sha256$150000$g6Akz25NwLp0$7jFNVdu4eOdR+66RlVLkKe7x0vRbozbS6jl6PcZKvNo=", "last_login": "2020-07-13T11:45:58.164Z", "is_superuser": false, "username": "ChaityaShah", "first_name": "Chaitya", "last_name": "Shah", "email": "dummy@email.com", "is_staff": false, "is_active": true, "date_joined": "2020-07-13T11:20:17Z", "groups": [], "user_permissions": []}}, {"model": "auth.user", "pk": 11, "fields": {"password": "pbkdf2_sha256$150000$zXQLHPlF72BM$IgyGBXjeJv7oSgIDyjU3tjGyNDRwGr8VWTLOd6/z88E=", "last_login": "2020-09-06T09:58:17.679Z", "is_superuser": false, "username": "GauravPatil", "first_name": "Gaurav", "last_name": "Patil", "email": "dummy@email.com", "is_staff": false, "is_active": true, "date_joined": "2020-07-13T11:21:09Z", "groups": [], "user_permissions": []}}, {"model": "auth.user", "pk": 12, "fields": {"password": "pbkdf2_sha256$150000$LMkRwoMPVbDb$O8LZU7t+KRqw81JPU+MaDu08boIZ7TSQrbyMX4J/bCA=", "last_login": "2020-07-13T11:37:46.272Z", "is_superuser": false, "username": "EbrahimHirani", "first_name": "Ebrahim", "last_name": "Hirani", "email": "dummy@email.com", "is_staff": false, "is_active": true, "date_joined": "2020-07-13T11:22:00Z", "groups": [], "user_permissions": []}}, {"model": "auth.user", "pk": 13, "fields": {"password": "pbkdf2_sha256$150000$c6ghptkcew2O$uTcFf6Qyhcj9mDt1Mv5H+0nZlNa7MwDCD/bzFLp4r0o=", "last_login": "2020-07-13T11:38:48.678Z", "is_superuser": false, "username": "JainamJain", "first_name": "Jainam", "last_name": "Jain", "email": "dummy@email.com", "is_staff": false, "is_active": true, "date_joined": "2020-07-13T11:22:36Z", "groups": [], "user_permissions": []}}, {"model": "auth.user", "pk": 14, "fields": {"password": "pbkdf2_sha256$150000$LFQj4OZNbswy$kPLfHSdFgzkW88kOnhI7Tv1EkLzjvwqJkdvFY5XUCfk=", "last_login": "2020-07-13T11:46:42.148Z", "is_superuser": false, "username": "DarshMehta", "first_name": "Darsh", "last_name": "Mehta", "email": "dummy@email.com", "is_staff": false, "is_active": true, "date_joined": "2020-07-13T11:23:11Z", "groups": [], "user_permissions": []}}, {"model": "auth.user", "pk": 15, "fields": {"password": "pbkdf2_sha256$150000$kQWxIyoeDwIo$ZOEnueNUxiMU/p2bvlLBCPBWHUj0ygkrIlonv4etqXw=", "last_login": "2020-07-13T11:38:24.676Z", "is_superuser": false, "username": "JayMehta", "first_name": "Jay", "last_name": "Mehta", "email": "dummy@email.com", "is_staff": false, "is_active": true, "date_joined": "2020-07-13T11:24:05Z", "groups": [], "user_permissions": []}}, {"model": "auth.user", "pk": 16, "fields": {"password": "pbkdf2_sha256$150000$LK7hsiJLnqmb$RIOqp7kPOThdpVzt9olbvB+OnPNcljnziZScRrt1JWQ=", "last_login": "2020-07-20T11:18:20.539Z", "is_superuser": false, "username": "AnantNimkar", "first_name": "Anant", "last_name": "Nimkar", "email": "dummy@email.com", "is_staff": false, "is_active": true, "date_joined": "2020-07-16T11:21:25Z", "groups": [], "user_permissions": []}}, {"model": "admin.logentry", "pk": 1, "fields": {"action_time": "2020-07-07T10:06:05.641Z", "user": 1, "content_type": 4, "object_id": "2", "object_repr": "VirajVohera", "action_flag": 1, "change_message": "[{\"added\": {}}]"}}, {"model": "admin.logentry", "pk": 2, "fields": {"action_time": "2020-07-07T10:06:25.639Z", "user": 1, "content_type": 4, "object_id": "2", "object_repr": "VirajVohera", "action_flag": 2, "change_message": "[{\"changed\": {\"fields\": [\"first_name\", \"last_name\", \"email\"]}}]"}}, {"model": "admin.logentry", "pk": 3, "fields": {"action_time": "2020-07-07T10:06:54.665Z", "user": 1, "content_type": 4, "object_id": "3", "object_repr": "RishiKaul", "action_flag": 1, "change_message": "[{\"added\": {}}]"}}, {"model": "admin.logentry", "pk": 4, "fields": {"action_time": "2020-07-07T10:07:12.345Z", "user": 1, "content_type": 4, "object_id": "3", "object_repr": "RishiKaul", "action_flag": 2, "change_message": "[{\"changed\": {\"fields\": [\"first_name\", \"last_name\", \"email\"]}}]"}}, {"model": "admin.logentry", "pk": 5, "fields": {"action_time": "2020-07-07T10:08:08.236Z", "user": 1, "content_type": 4, "object_id": "4", "object_repr": "RajGorhekar", "action_flag": 1, "change_message": "[{\"added\": {}}]"}}, {"model": "admin.logentry", "pk": 6, "fields": {"action_time": "2020-07-07T10:08:34.195Z", "user": 1, "content_type": 4, "object_id": "4", "object_repr": "RajGorhekar", "action_flag": 2, "change_message": "[{\"changed\": {\"fields\": [\"first_name\", \"last_name\", \"email\"]}}]"}}, {"model": "admin.logentry", "pk": 7, "fields": {"action_time": "2020-07-07T10:09:00.475Z", "user": 1, "content_type": 4, "object_id": "5", "object_repr": "ShubhamShetty", "action_flag": 1, "change_message": "[{\"added\": {}}]"}}, {"model": "admin.logentry", "pk": 8, "fields": {"action_time": "2020-07-07T10:09:22.065Z", "user": 1, "content_type": 4, "object_id": "5", "object_repr": "ShubhamShetty", "action_flag": 2, "change_message": "[{\"changed\": {\"fields\": [\"first_name\", \"last_name\", \"email\"]}}]"}}, {"model": "admin.logentry", "pk": 9, "fields": {"action_time": "2020-07-07T10:09:39.132Z", "user": 1, "content_type": 4, "object_id": "6", "object_repr": "RitikSingh", "action_flag": 1, "change_message": "[{\"added\": {}}]"}}, {"model": "admin.logentry", "pk": 10, "fields": {"action_time": "2020-07-07T10:10:10.171Z", "user": 1, "content_type": 4, "object_id": "6", "object_repr": "RitikSingh", "action_flag": 2, "change_message": "[{\"changed\": {\"fields\": [\"first_name\", \"last_name\", \"email\"]}}]"}}, {"model": "admin.logentry", "pk": 11, "fields": {"action_time": "2020-07-07T10:10:48.036Z", "user": 1, "content_type": 4, "object_id": "7", "object_repr": "PramodBide", "action_flag": 1, "change_message": "[{\"added\": {}}]"}}, {"model": "admin.logentry", "pk": 12, "fields": {"action_time": "2020-07-07T10:11:12.173Z", "user": 1, "content_type": 4, "object_id": "7", "object_repr": "PramodBide", "action_flag": 2, "change_message": "[{\"changed\": {\"fields\": [\"first_name\", \"last_name\", \"email\"]}}]"}}, {"model": "admin.logentry", "pk": 13, "fields": {"action_time": "2020-07-07T10:11:32.657Z", "user": 1, "content_type": 4, "object_id": "8", "object_repr": "KiranGawande", "action_flag": 1, "change_message": "[{\"added\": {}}]"}}, {"model": "admin.logentry", "pk": 14, "fields": {"action_time": "2020-07-07T10:11:50.512Z", "user": 1, "content_type": 4, "object_id": "8", "object_repr": "KiranGawande", "action_flag": 2, "change_message": "[{\"changed\": {\"fields\": [\"first_name\", \"last_name\", \"email\"]}}]"}}, {"model": "admin.logentry", "pk": 15, "fields": {"action_time": "2020-07-07T10:12:14.065Z", "user": 1, "content_type": 4, "object_id": "9", "object_repr": "NatashaRaul", "action_flag": 1, "change_message": "[{\"added\": {}}]"}}, {"model": "admin.logentry", "pk": 16, "fields": {"action_time": "2020-07-07T10:12:49.372Z", "user": 1, "content_type": 4, "object_id": "9", "object_repr": "NatashaRaul", "action_flag": 2, "change_message": "[{\"changed\": {\"fields\": [\"first_name\", \"last_name\", \"email\"]}}]"}}, {"model": "admin.logentry", "pk": 17, "fields": {"action_time": "2020-07-07T10:14:34.794Z", "user": 1, "content_type": 13, "object_id": "1", "object_repr": "Viraj Vohera", "action_flag": 1, "change_message": "[{\"added\": {}}]"}}, {"model": "admin.logentry", "pk": 18, "fields": {"action_time": "2020-07-07T10:14:59.351Z", "user": 1, "content_type": 13, "object_id": "2", "object_repr": "Rishi Kaul", "action_flag": 1, "change_message": "[{\"added\": {}}]"}}, {"model": "admin.logentry", "pk": 19, "fields": {"action_time": "2020-07-07T10:15:12.436Z", "user": 1, "content_type": 13, "object_id": "2", "object_repr": "Rishi Kaul", "action_flag": 2, "change_message": "[{\"changed\": {\"fields\": [\"branch\", \"year\"]}}]"}}, {"model": "admin.logentry", "pk": 20, "fields": {"action_time": "2020-07-07T10:16:08.331Z", "user": 1, "content_type": 13, "object_id": "3", "object_repr": "Raj Gorhekar", "action_flag": 1, "change_message": "[{\"added\": {}}]"}}, {"model": "admin.logentry", "pk": 21, "fields": {"action_time": "2020-07-07T10:16:55.992Z", "user": 1, "content_type": 13, "object_id": "4", "object_repr": "Shubham Shetty", "action_flag": 1, "change_message": "[{\"added\": {}}]"}}, {"model": "admin.logentry", "pk": 22, "fields": {"action_time": "2020-07-07T10:17:25.275Z", "user": 1, "content_type": 13, "object_id": "5", "object_repr": "Ritik Singh", "action_flag": 1, "change_message": "[{\"added\": {}}]"}}, {"model": "admin.logentry", "pk": 23, "fields": {"action_time": "2020-07-07T10:18:16.399Z", "user": 1, "content_type": 11, "object_id": "1", "object_repr": "Natasha Raul", "action_flag": 1, "change_message": "[{\"added\": {}}]"}}, {"model": "admin.logentry", "pk": 24, "fields": {"action_time": "2020-07-07T10:18:39.726Z", "user": 1, "content_type": 11, "object_id": "2", "object_repr": "Pramod Bide", "action_flag": 1, "change_message": "[{\"added\": {}}]"}}, {"model": "admin.logentry", "pk": 25, "fields": {"action_time": "2020-07-07T10:19:04.787Z", "user": 1, "content_type": 11, "object_id": "3", "object_repr": "Kiran Gawande", "action_flag": 1, "change_message": "[{\"added\": {}}]"}}, {"model": "admin.logentry", "pk": 26, "fields": {"action_time": "2020-07-07T10:19:39.456Z", "user": 1, "content_type": 10, "object_id": "1", "object_repr": "Database Management Systems", "action_flag": 1, "change_message": "[{\"added\": {}}]"}}, {"model": "admin.logentry", "pk": 27, "fields": {"action_time": "2020-07-07T10:19:59.944Z", "user": 1, "content_type": 10, "object_id": "2", "object_repr": "Applied Maths 2", "action_flag": 1, "change_message": "[{\"added\": {}}]"}}, {"model": "admin.logentry", "pk": 28, "fields": {"action_time": "2020-07-07T10:20:51.391Z", "user": 1, "content_type": 10, "object_id": "3", "object_repr": "Design And Analysis Of Algorithms", "action_flag": 1, "change_message": "[{\"added\": {}}]"}}, {"model": "admin.logentry", "pk": 29, "fields": {"action_time": "2020-07-07T10:21:17.939Z", "user": 1, "content_type": 10, "object_id": "4", "object_repr": "Digital Signal Processing", "action_flag": 1, "change_message": "[{\"added\": {}}]"}}, {"model": "admin.logentry", "pk": 30, "fields": {"action_time": "2020-07-07T10:21:34.131Z", "user": 1, "content_type": 10, "object_id": "5", "object_repr": "Machine Learning", "action_flag": 1, "change_message": "[{\"added\": {}}]"}}, {"model": "admin.logentry", "pk": 31, "fields": {"action_time": "2020-07-07T10:22:37.145Z", "user": 1, "content_type": 10, "object_id": "6", "object_repr": "Test Course Third Year", "action_flag": 1, "change_message": "[{\"added\": {}}]"}}, {"model": "admin.logentry", "pk": 32, "fields": {"action_time": "2020-07-07T10:23:08.103Z", "user": 1, "content_type": 10, "object_id": "7", "object_repr": "Test Course 1 Final Year", "action_flag": 1, "change_message": "[{\"added\": {}}]"}}, {"model": "admin.logentry", "pk": 33, "fields": {"action_time": "2020-07-07T10:23:36.164Z", "user": 1, "content_type": 10, "object_id": "8", "object_repr": "Test Course 2 Final Year", "action_flag": 1, "change_message": "[{\"added\": {}}]"}}, {"model": "admin.logentry", "pk": 34, "fields": {"action_time": "2020-07-07T10:24:02.717Z", "user": 1, "content_type": 10, "object_id": "9", "object_repr": "Test Course 3 Final Year", "action_flag": 1, "change_message": "[{\"added\": {}}]"}}, {"model": "admin.logentry", "pk": 35, "fields": {"action_time": "2020-07-07T10:25:05.745Z", "user": 1, "content_type": 12, "object_id": "1", "object_repr": "Natasha Raul - Design And Analysis Of Algorithms", "action_flag": 1, "change_message": "[{\"added\": {}}]"}}, {"model": "admin.logentry", "pk": 36, "fields": {"action_time": "2020-07-07T10:25:15.807Z", "user": 1, "content_type": 12, "object_id": "2", "object_repr": "Natasha Raul - Applied Maths 2", "action_flag": 1, "change_message": "[{\"added\": {}}]"}}, {"model": "admin.logentry", "pk": 37, "fields": {"action_time": "2020-07-07T10:25:32.947Z", "user": 1, "content_type": 12, "object_id": "3", "object_repr": "Natasha Raul - Test Course Third Year", "action_flag": 1, "change_message": "[{\"added\": {}}]"}}, {"model": "admin.logentry", "pk": 38, "fields": {"action_time": "2020-07-07T10:25:42.334Z", "user": 1, "content_type": 12, "object_id": "4", "object_repr": "Kiran Gawande - Database Management Systems", "action_flag": 1, "change_message": "[{\"added\": {}}]"}}, {"model": "admin.logentry", "pk": 39, "fields": {"action_time": "2020-07-07T10:25:56.576Z", "user": 1, "content_type": 12, "object_id": "5", "object_repr": "Kiran Gawande - Digital Signal Processing", "action_flag": 1, "change_message": "[{\"added\": {}}]"}}, {"model": "admin.logentry", "pk": 40, "fields": {"action_time": "2020-07-07T10:26:08.798Z", "user": 1, "content_type": 12, "object_id": "6", "object_repr": "Pramod Bide - Test Course 1 Final Year", "action_flag": 1, "change_message": "[{\"added\": {}}]"}}, {"model": "admin.logentry", "pk": 41, "fields": {"action_time": "2020-07-07T10:26:26.608Z", "user": 1, "content_type": 12, "object_id": "7", "object_repr": "Kiran Gawande - Test Course 2 Final Year", "action_flag": 1, "change_message": "[{\"added\": {}}]"}}, {"model": "admin.logentry", "pk": 42, "fields": {"action_time": "2020-07-07T10:26:36.675Z", "user": 1, "content_type": 12, "object_id": "8", "object_repr": "Pramod Bide - Machine Learning", "action_flag": 1, "change_message": "[{\"added\": {}}]"}}, {"model": "admin.logentry", "pk": 43, "fields": {"action_time": "2020-07-07T10:26:49.090Z", "user": 1, "content_type": 12, "object_id": "9", "object_repr": "Pramod Bide - Test Course 3 Final Year", "action_flag": 1, "change_message": "[{\"added\": {}}]"}}, {"model": "admin.logentry", "pk": 44, "fields": {"action_time": "2020-07-07T10:27:55.686Z", "user": 1, "content_type": 8, "object_id": "1", "object_repr": "Database Management Systems", "action_flag": 1, "change_message": "[{\"added\": {}}]"}}, {"model": "admin.logentry", "pk": 45, "fields": {"action_time": "2020-07-07T10:28:53.344Z", "user": 1, "content_type": 8, "object_id": "1", "object_repr": "Database Management Systems", "action_flag": 3, "change_message": ""}}, {"model": "admin.logentry", "pk": 46, "fields": {"action_time": "2020-07-07T10:30:35.995Z", "user": 1, "content_type": 8, "object_id": "1", "object_repr": "Database Management Systems", "action_flag": 1, "change_message": "[{\"added\": {}}]"}}, {"model": "admin.logentry", "pk": 47, "fields": {"action_time": "2020-07-07T10:30:45.921Z", "user": 1, "content_type": 8, "object_id": "2", "object_repr": "Database Management Systems", "action_flag": 1, "change_message": "[{\"added\": {}}]"}}, {"model": "admin.logentry", "pk": 48, "fields": {"action_time": "2020-07-07T10:30:58.575Z", "user": 1, "content_type": 8, "object_id": "3", "object_repr": "Database Management Systems", "action_flag": 1, "change_message": "[{\"added\": {}}]"}}, {"model": "admin.logentry", "pk": 49, "fields": {"action_time": "2020-07-07T10:31:10.569Z", "user": 1, "content_type": 8, "object_id": "4", "object_repr": "Database Management Systems", "action_flag": 1, "change_message": "[{\"added\": {}}]"}}, {"model": "admin.logentry", "pk": 50, "fields": {"action_time": "2020-07-07T10:31:19.814Z", "user": 1, "content_type": 8, "object_id": "5", "object_repr": "Applied Maths 2", "action_flag": 1, "change_message": "[{\"added\": {}}]"}}, {"model": "admin.logentry", "pk": 51, "fields": {"action_time": "2020-07-07T10:31:28.380Z", "user": 1, "content_type": 8, "object_id": "6", "object_repr": "Applied Maths 2", "action_flag": 1, "change_message": "[{\"added\": {}}]"}}, {"model": "admin.logentry", "pk": 52, "fields": {"action_time": "2020-07-07T10:31:39.886Z", "user": 1, "content_type": 8, "object_id": "7", "object_repr": "Applied Maths 2", "action_flag": 1, "change_message": "[{\"added\": {}}]"}}, {"model": "admin.logentry", "pk": 53, "fields": {"action_time": "2020-07-07T10:31:48.551Z", "user": 1, "content_type": 8, "object_id": "8", "object_repr": "Design And Analysis Of Algorithms", "action_flag": 1, "change_message": "[{\"added\": {}}]"}}, {"model": "admin.logentry", "pk": 54, "fields": {"action_time": "2020-07-07T10:32:10.964Z", "user": 1, "content_type": 8, "object_id": "9", "object_repr": "Design And Analysis Of Algorithms", "action_flag": 1, "change_message": "[{\"added\": {}}]"}}, {"model": "admin.logentry", "pk": 55, "fields": {"action_time": "2020-07-07T10:32:20.502Z", "user": 1, "content_type": 8, "object_id": "10", "object_repr": "Design And Analysis Of Algorithms", "action_flag": 1, "change_message": "[{\"added\": {}}]"}}, {"model": "admin.logentry", "pk": 56, "fields": {"action_time": "2020-07-07T10:32:30.727Z", "user": 1, "content_type": 8, "object_id": "11", "object_repr": "Design And Analysis Of Algorithms", "action_flag": 1, "change_message": "[{\"added\": {}}]"}}, {"model": "admin.logentry", "pk": 57, "fields": {"action_time": "2020-07-07T10:32:43.326Z", "user": 1, "content_type": 8, "object_id": "12", "object_repr": "Digital Signal Processing", "action_flag": 1, "change_message": "[{\"added\": {}}]"}}, {"model": "admin.logentry", "pk": 58, "fields": {"action_time": "2020-07-07T10:32:56.523Z", "user": 1, "content_type": 8, "object_id": "13", "object_repr": "Digital Signal Processing", "action_flag": 1, "change_message": "[{\"added\": {}}]"}}, {"model": "admin.logentry", "pk": 59, "fields": {"action_time": "2020-07-07T10:33:16.461Z", "user": 1, "content_type": 8, "object_id": "14", "object_repr": "Machine Learning", "action_flag": 1, "change_message": "[{\"added\": {}}]"}}, {"model": "admin.logentry", "pk": 60, "fields": {"action_time": "2020-07-07T10:33:28.541Z", "user": 1, "content_type": 8, "object_id": "15", "object_repr": "Machine Learning", "action_flag": 1, "change_message": "[{\"added\": {}}]"}}, {"model": "admin.logentry", "pk": 61, "fields": {"action_time": "2020-07-07T10:33:38.256Z", "user": 1, "content_type": 8, "object_id": "16", "object_repr": "Machine Learning", "action_flag": 1, "change_message": "[{\"added\": {}}]"}}, {"model": "admin.logentry", "pk": 62, "fields": {"action_time": "2020-07-07T10:33:48.633Z", "user": 1, "content_type": 8, "object_id": "17", "object_repr": "Machine Learning", "action_flag": 1, "change_message": "[{\"added\": {}}]"}}, {"model": "admin.logentry", "pk": 63, "fields": {"action_time": "2020-07-07T10:33:58.881Z", "user": 1, "content_type": 8, "object_id": "18", "object_repr": "Test Course 1 Final Year", "action_flag": 1, "change_message": "[{\"added\": {}}]"}}, {"model": "admin.logentry", "pk": 64, "fields": {"action_time": "2020-07-07T10:34:08.110Z", "user": 1, "content_type": 8, "object_id": "19", "object_repr": "Test Course 1 Final Year", "action_flag": 1, "change_message": "[{\"added\": {}}]"}}, {"model": "admin.logentry", "pk": 65, "fields": {"action_time": "2020-07-07T10:34:16.637Z", "user": 1, "content_type": 8, "object_id": "20", "object_repr": "Test Course 1 Final Year", "action_flag": 1, "change_message": "[{\"added\": {}}]"}}, {"model": "admin.logentry", "pk": 66, "fields": {"action_time": "2020-07-07T10:34:28.686Z", "user": 1, "content_type": 8, "object_id": "21", "object_repr": "Test Course 2 Final Year", "action_flag": 1, "change_message": "[{\"added\": {}}]"}}, {"model": "admin.logentry", "pk": 67, "fields": {"action_time": "2020-07-07T10:34:40.015Z", "user": 1, "content_type": 8, "object_id": "22", "object_repr": "Test Course 2 Final Year", "action_flag": 1, "change_message": "[{\"added\": {}}]"}}, {"model": "admin.logentry", "pk": 68, "fields": {"action_time": "2020-07-07T10:34:48.881Z", "user": 1, "content_type": 8, "object_id": "23", "object_repr": "Test Course 3 Final Year", "action_flag": 1, "change_message": "[{\"added\": {}}]"}}, {"model": "admin.logentry", "pk": 69, "fields": {"action_time": "2020-07-07T10:34:58.919Z", "user": 1, "content_type": 8, "object_id": "24", "object_repr": "Test Course 3 Final Year", "action_flag": 1, "change_message": "[{\"added\": {}}]"}}, {"model": "admin.logentry", "pk": 70, "fields": {"action_time": "2020-07-07T10:35:07.046Z", "user": 1, "content_type": 8, "object_id": "25", "object_repr": "Test Course 3 Final Year", "action_flag": 1, "change_message": "[{\"added\": {}}]"}}, {"model": "admin.logentry", "pk": 71, "fields": {"action_time": "2020-07-07T10:35:16.163Z", "user": 1, "content_type": 8, "object_id": "26", "object_repr": "Test Course 3 Final Year", "action_flag": 1, "change_message": "[{\"added\": {}}]"}}, {"model": "admin.logentry", "pk": 72, "fields": {"action_time": "2020-07-07T10:37:59.631Z", "user": 1, "content_type": 13, "object_id": "5", "object_repr": "Ritik Singh", "action_flag": 2, "change_message": "[{\"changed\": {\"fields\": [\"sem\"]}}]"}}, {"model": "admin.logentry", "pk": 73, "fields": {"action_time": "2020-07-07T10:38:06.489Z", "user": 1, "content_type": 13, "object_id": "4", "object_repr": "Shubham Shetty", "action_flag": 2, "change_message": "[{\"changed\": {\"fields\": [\"sem\"]}}]"}}, {"model": "admin.logentry", "pk": 74, "fields": {"action_time": "2020-07-07T10:38:13.412Z", "user": 1, "content_type": 13, "object_id": "3", "object_repr": "Raj Gorhekar", "action_flag": 2, "change_message": "[{\"changed\": {\"fields\": [\"sem\"]}}]"}}, {"model": "admin.logentry", "pk": 75, "fields": {"action_time": "2020-07-07T10:38:19.116Z", "user": 1, "content_type": 13, "object_id": "2", "object_repr": "Rishi Kaul", "action_flag": 2, "change_message": "[{\"changed\": {\"fields\": [\"sem\"]}}]"}}, {"model": "admin.logentry", "pk": 76, "fields": {"action_time": "2020-07-07T10:38:25.845Z", "user": 1, "content_type": 13, "object_id": "1", "object_repr": "Viraj Vohera", "action_flag": 2, "change_message": "[{\"changed\": {\"fields\": [\"sem\"]}}]"}}, {"model": "admin.logentry", "pk": 77, "fields": {"action_time": "2020-07-09T11:18:03.427Z", "user": 1, "content_type": 8, "object_id": "28", "object_repr": "Test Course 1 Final Year - New Question", "action_flag": 3, "change_message": ""}}, {"model": "admin.logentry", "pk": 78, "fields": {"action_time": "2020-07-09T11:18:03.462Z", "user": 1, "content_type": 8, "object_id": "27", "object_repr": "Test Course 1 Final Year - New Question", "action_flag": 3, "change_message": ""}}, {"model": "admin.logentry", "pk": 79, "fields": {"action_time": "2020-07-10T11:16:42.222Z", "user": 1, "content_type": 9, "object_id": "7", "object_repr": "Viraj Vohera - Applied Maths 2", "action_flag": 3, "change_message": ""}}, {"model": "admin.logentry", "pk": 80, "fields": {"action_time": "2020-07-10T11:16:42.237Z", "user": 1, "content_type": 9, "object_id": "6", "object_repr": "Viraj Vohera - Applied Maths 2", "action_flag": 3, "change_message": ""}}, {"model": "admin.logentry", "pk": 81, "fields": {"action_time": "2020-07-10T11:16:42.247Z", "user": 1, "content_type": 9, "object_id": "5", "object_repr": "Viraj Vohera - Applied Maths 2", "action_flag": 3, "change_message": ""}}, {"model": "admin.logentry", "pk": 82, "fields": {"action_time": "2020-07-10T11:16:42.256Z", "user": 1, "content_type": 9, "object_id": "4", "object_repr": "Viraj Vohera - Database Management Systems", "action_flag": 3, "change_message": ""}}, {"model": "admin.logentry", "pk": 83, "fields": {"action_time": "2020-07-10T11:16:42.270Z", "user": 1, "content_type": 9, "object_id": "3", "object_repr": "Viraj Vohera - Database Management Systems", "action_flag": 3, "change_message": ""}}, {"model": "admin.logentry", "pk": 84, "fields": {"action_time": "2020-07-10T11:16:42.280Z", "user": 1, "content_type": 9, "object_id": "2", "object_repr": "Viraj Vohera - Database Management Systems", "action_flag": 3, "change_message": ""}}, {"model": "admin.logentry", "pk": 85, "fields": {"action_time": "2020-07-10T11:16:42.291Z", "user": 1, "content_type": 9, "object_id": "1", "object_repr": "Viraj Vohera - Database Management Systems", "action_flag": 3, "change_message": ""}}, {"model": "admin.logentry", "pk": 86, "fields": {"action_time": "2020-07-10T11:20:47.185Z", "user": 1, "content_type": 9, "object_id": "18", "object_repr": "Viraj Vohera - Design And Analysis Of Algorithms", "action_flag": 3, "change_message": ""}}, {"model": "admin.logentry", "pk": 87, "fields": {"action_time": "2020-07-10T11:20:47.199Z", "user": 1, "content_type": 9, "object_id": "17", "object_repr": "Viraj Vohera - Design And Analysis Of Algorithms", "action_flag": 3, "change_message": ""}}, {"model": "admin.logentry", "pk": 88, "fields": {"action_time": "2020-07-10T11:20:47.209Z", "user": 1, "content_type": 9, "object_id": "16", "object_repr": "Viraj Vohera - Design And Analysis Of Algorithms", "action_flag": 3, "change_message": ""}}, {"model": "admin.logentry", "pk": 89, "fields": {"action_time": "2020-07-10T11:20:47.220Z", "user": 1, "content_type": 9, "object_id": "15", "object_repr": "Viraj Vohera - Design And Analysis Of Algorithms", "action_flag": 3, "change_message": ""}}, {"model": "admin.logentry", "pk": 90, "fields": {"action_time": "2020-07-10T11:20:47.230Z", "user": 1, "content_type": 9, "object_id": "14", "object_repr": "Viraj Vohera - Applied Maths 2", "action_flag": 3, "change_message": ""}}, {"model": "admin.logentry", "pk": 91, "fields": {"action_time": "2020-07-10T11:20:47.242Z", "user": 1, "content_type": 9, "object_id": "13", "object_repr": "Viraj Vohera - Applied Maths 2", "action_flag": 3, "change_message": ""}}, {"model": "admin.logentry", "pk": 92, "fields": {"action_time": "2020-07-10T11:20:47.253Z", "user": 1, "content_type": 9, "object_id": "12", "object_repr": "Viraj Vohera - Applied Maths 2", "action_flag": 3, "change_message": ""}}, {"model": "admin.logentry", "pk": 93, "fields": {"action_time": "2020-07-10T11:20:47.269Z", "user": 1, "content_type": 9, "object_id": "11", "object_repr": "Viraj Vohera - Database Management Systems", "action_flag": 3, "change_message": ""}}, {"model": "admin.logentry", "pk": 94, "fields": {"action_time": "2020-07-10T11:20:47.283Z", "user": 1, "content_type": 9, "object_id": "10", "object_repr": "Viraj Vohera - Database Management Systems", "action_flag": 3, "change_message": ""}}, {"model": "admin.logentry", "pk": 95, "fields": {"action_time": "2020-07-10T11:20:47.298Z", "user": 1, "content_type": 9, "object_id": "9", "object_repr": "Viraj Vohera - Database Management Systems", "action_flag": 3, "change_message": ""}}, {"model": "admin.logentry", "pk": 96, "fields": {"action_time": "2020-07-10T11:20:47.313Z", "user": 1, "content_type": 9, "object_id": "8", "object_repr": "Viraj Vohera - Database Management Systems", "action_flag": 3, "change_message": ""}}, {"model": "admin.logentry", "pk": 97, "fields": {"action_time": "2020-07-10T11:23:34.144Z", "user": 1, "content_type": 9, "object_id": "29", "object_repr": "Rishi Kaul - Applied Maths 2", "action_flag": 3, "change_message": ""}}, {"model": "admin.logentry", "pk": 98, "fields": {"action_time": "2020-07-10T11:23:34.160Z", "user": 1, "content_type": 9, "object_id": "28", "object_repr": "Rishi Kaul - Applied Maths 2", "action_flag": 3, "change_message": ""}}, {"model": "admin.logentry", "pk": 99, "fields": {"action_time": "2020-07-10T11:23:34.172Z", "user": 1, "content_type": 9, "object_id": "27", "object_repr": "Rishi Kaul - Applied Maths 2", "action_flag": 3, "change_message": ""}}, {"model": "admin.logentry", "pk": 100, "fields": {"action_time": "2020-07-10T11:23:34.184Z", "user": 1, "content_type": 9, "object_id": "26", "object_repr": "Rishi Kaul - Database Management Systems", "action_flag": 3, "change_message": ""}}, {"model": "admin.logentry", "pk": 101, "fields": {"action_time": "2020-07-10T11:23:34.196Z", "user": 1, "content_type": 9, "object_id": "25", "object_repr": "Rishi Kaul - Database Management Systems", "action_flag": 3, "change_message": ""}}, {"model": "admin.logentry", "pk": 102, "fields": {"action_time": "2020-07-10T11:23:34.208Z", "user": 1, "content_type": 9, "object_id": "24", "object_repr": "Rishi Kaul - Database Management Systems", "action_flag": 3, "change_message": ""}}, {"model": "admin.logentry", "pk": 103, "fields": {"action_time": "2020-07-10T11:23:34.219Z", "user": 1, "content_type": 9, "object_id": "23", "object_repr": "Rishi Kaul - Database Management Systems", "action_flag": 3, "change_message": ""}}, {"model": "admin.logentry", "pk": 104, "fields": {"action_time": "2020-07-10T11:23:34.231Z", "user": 1, "content_type": 9, "object_id": "22", "object_repr": "Viraj Vohera - Database Management Systems", "action_flag": 3, "change_message": ""}}, {"model": "admin.logentry", "pk": 105, "fields": {"action_time": "2020-07-10T11:23:34.244Z", "user": 1, "content_type": 9, "object_id": "21", "object_repr": "Viraj Vohera - Database Management Systems", "action_flag": 3, "change_message": ""}}, {"model": "admin.logentry", "pk": 106, "fields": {"action_time": "2020-07-10T11:23:34.256Z", "user": 1, "content_type": 9, "object_id": "20", "object_repr": "Viraj Vohera - Database Management Systems", "action_flag": 3, "change_message": ""}}, {"model": "admin.logentry", "pk": 107, "fields": {"action_time": "2020-07-10T11:23:34.271Z", "user": 1, "content_type": 9, "object_id": "19", "object_repr": "Viraj Vohera - Database Management Systems", "action_flag": 3, "change_message": ""}}, {"model": "admin.logentry", "pk": 108, "fields": {"action_time": "2020-07-10T11:23:50.726Z", "user": 1, "content_type": 7, "object_id": "5", "object_repr": "Rishi Kaul - Applied Maths 2", "action_flag": 3, "change_message": ""}}, {"model": "admin.logentry", "pk": 109, "fields": {"action_time": "2020-07-10T11:23:50.743Z", "user": 1, "content_type": 7, "object_id": "4", "object_repr": "Rishi Kaul - Database Management Systems", "action_flag": 3, "change_message": ""}}, {"model": "admin.logentry", "pk": 110, "fields": {"action_time": "2020-07-10T11:23:50.752Z", "user": 1, "content_type": 7, "object_id": "3", "object_repr": "Viraj Vohera - Database Management Systems", "action_flag": 3, "change_message": ""}}, {"model": "admin.logentry", "pk": 111, "fields": {"action_time": "2020-07-10T11:23:50.766Z", "user": 1, "content_type": 7, "object_id": "2", "object_repr": "Viraj Vohera - Design And Analysis Of Algorithms", "action_flag": 3, "change_message": ""}}, {"model": "admin.logentry", "pk": 112, "fields": {"action_time": "2020-07-10T11:23:50.777Z", "user": 1, "content_type": 7, "object_id": "1", "object_repr": "Viraj Vohera - Applied Maths 2", "action_flag": 3, "change_message": ""}}, {"model": "admin.logentry", "pk": 113, "fields": {"action_time": "2020-07-13T11:20:18.072Z", "user": 1, "content_type": 4, "object_id": "10", "object_repr": "ChaityaShah", "action_flag": 1, "change_message": "[{\"added\": {}}]"}}, {"model": "admin.logentry", "pk": 114, "fields": {"action_time": "2020-07-13T11:20:47.396Z", "user": 1, "content_type": 4, "object_id": "10", "object_repr": "ChaityaShah", "action_flag": 2, "change_message": "[{\"changed\": {\"fields\": [\"first_name\", \"last_name\", \"email\"]}}]"}}, {"model": "admin.logentry", "pk": 115, "fields": {"action_time": "2020-07-13T11:21:09.636Z", "user": 1, "content_type": 4, "object_id": "11", "object_repr": "GauravPatil", "action_flag": 1, "change_message": "[{\"added\": {}}]"}}, {"model": "admin.logentry", "pk": 116, "fields": {"action_time": "2020-07-13T11:21:31.110Z", "user": 1, "content_type": 4, "object_id": "11", "object_repr": "GauravPatil", "action_flag": 2, "change_message": "[{\"changed\": {\"fields\": [\"first_name\", \"last_name\", \"email\"]}}]"}}, {"model": "admin.logentry", "pk": 117, "fields": {"action_time": "2020-07-13T11:22:00.457Z", "user": 1, "content_type": 4, "object_id": "12", "object_repr": "EbrahimHirani", "action_flag": 1, "change_message": "[{\"added\": {}}]"}}, {"model": "admin.logentry", "pk": 118, "fields": {"action_time": "2020-07-13T11:22:15.726Z", "user": 1, "content_type": 4, "object_id": "12", "object_repr": "EbrahimHirani", "action_flag": 2, "change_message": "[{\"changed\": {\"fields\": [\"first_name\", \"last_name\", \"email\"]}}]"}}, {"model": "admin.logentry", "pk": 119, "fields": {"action_time": "2020-07-13T11:22:36.689Z", "user": 1, "content_type": 4, "object_id": "13", "object_repr": "JainamJain", "action_flag": 1, "change_message": "[{\"added\": {}}]"}}, {"model": "admin.logentry", "pk": 120, "fields": {"action_time": "2020-07-13T11:22:50.725Z", "user": 1, "content_type": 4, "object_id": "13", "object_repr": "JainamJain", "action_flag": 2, "change_message": "[{\"changed\": {\"fields\": [\"first_name\", \"last_name\", \"email\"]}}]"}}, {"model": "admin.logentry", "pk": 121, "fields": {"action_time": "2020-07-13T11:23:11.528Z", "user": 1, "content_type": 4, "object_id": "14", "object_repr": "DarshMehta", "action_flag": 1, "change_message": "[{\"added\": {}}]"}}, {"model": "admin.logentry", "pk": 122, "fields": {"action_time": "2020-07-13T11:23:30.488Z", "user": 1, "content_type": 4, "object_id": "14", "object_repr": "DarshMehta", "action_flag": 2, "change_message": "[{\"changed\": {\"fields\": [\"first_name\", \"last_name\", \"email\"]}}]"}}, {"model": "admin.logentry", "pk": 123, "fields": {"action_time": "2020-07-13T11:24:05.609Z", "user": 1, "content_type": 4, "object_id": "15", "object_repr": "JayMehta", "action_flag": 1, "change_message": "[{\"added\": {}}]"}}, {"model": "admin.logentry", "pk": 124, "fields": {"action_time": "2020-07-13T11:24:21.888Z", "user": 1, "content_type": 4, "object_id": "15", "object_repr": "JayMehta", "action_flag": 2, "change_message": "[{\"changed\": {\"fields\": [\"first_name\", \"last_name\", \"email\"]}}]"}}, {"model": "admin.logentry", "pk": 125, "fields": {"action_time": "2020-07-13T11:31:56.410Z", "user": 1, "content_type": 9, "object_id": "41", "object_repr": "Viraj Vohera - Design And Analysis Of Algorithms", "action_flag": 3, "change_message": ""}}, {"model": "admin.logentry", "pk": 126, "fields": {"action_time": "2020-07-13T11:31:56.444Z", "user": 1, "content_type": 9, "object_id": "40", "object_repr": "Viraj Vohera - Design And Analysis Of Algorithms", "action_flag": 3, "change_message": ""}}, {"model": "admin.logentry", "pk": 127, "fields": {"action_time": "2020-07-13T11:31:56.456Z", "user": 1, "content_type": 9, "object_id": "39", "object_repr": "Viraj Vohera - Design And Analysis Of Algorithms", "action_flag": 3, "change_message": ""}}, {"model": "admin.logentry", "pk": 128, "fields": {"action_time": "2020-07-13T11:31:56.818Z", "user": 1, "content_type": 9, "object_id": "38", "object_repr": "Viraj Vohera - Design And Analysis Of Algorithms", "action_flag": 3, "change_message": ""}}, {"model": "admin.logentry", "pk": 129, "fields": {"action_time": "2020-07-13T11:32:45.412Z", "user": 1, "content_type": 13, "object_id": "6", "object_repr": "Chaitya Shah", "action_flag": 1, "change_message": "[{\"added\": {}}]"}}, {"model": "admin.logentry", "pk": 130, "fields": {"action_time": "2020-07-13T11:33:06.995Z", "user": 1, "content_type": 13, "object_id": "7", "object_repr": "Darsh Mehta", "action_flag": 1, "change_message": "[{\"added\": {}}]"}}, {"model": "admin.logentry", "pk": 131, "fields": {"action_time": "2020-07-13T11:33:45.456Z", "user": 1, "content_type": 13, "object_id": "8", "object_repr": "Ebrahim Hirani", "action_flag": 1, "change_message": "[{\"added\": {}}]"}}, {"model": "admin.logentry", "pk": 132, "fields": {"action_time": "2020-07-13T11:34:18.053Z", "user": 1, "content_type": 13, "object_id": "9", "object_repr": "Gaurav Patil", "action_flag": 1, "change_message": "[{\"added\": {}}]"}}, {"model": "admin.logentry", "pk": 133, "fields": {"action_time": "2020-07-13T11:34:45.015Z", "user": 1, "content_type": 13, "object_id": "10", "object_repr": "Jainam Jain", "action_flag": 1, "change_message": "[{\"added\": {}}]"}}, {"model": "admin.logentry", "pk": 134, "fields": {"action_time": "2020-07-13T11:35:12.195Z", "user": 1, "content_type": 13, "object_id": "11", "object_repr": "Jay Mehta", "action_flag": 1, "change_message": "[{\"added\": {}}]"}}, {"model": "admin.logentry", "pk": 135, "fields": {"action_time": "2020-07-13T11:40:48.842Z", "user": 1, "content_type": 9, "object_id": "56", "object_repr": "Ebrahim Hirani - Database Management Systems", "action_flag": 3, "change_message": ""}}, {"model": "admin.logentry", "pk": 136, "fields": {"action_time": "2020-07-13T11:40:48.853Z", "user": 1, "content_type": 9, "object_id": "55", "object_repr": "Ebrahim Hirani - Database Management Systems", "action_flag": 3, "change_message": ""}}, {"model": "admin.logentry", "pk": 137, "fields": {"action_time": "2020-07-13T11:40:48.864Z", "user": 1, "content_type": 9, "object_id": "54", "object_repr": "Ebrahim Hirani - Database Management Systems", "action_flag": 3, "change_message": ""}}, {"model": "admin.logentry", "pk": 138, "fields": {"action_time": "2020-07-13T11:40:48.877Z", "user": 1, "content_type": 9, "object_id": "53", "object_repr": "Ebrahim Hirani - Database Management Systems", "action_flag": 3, "change_message": ""}}, {"model": "admin.logentry", "pk": 139, "fields": {"action_time": "2020-07-13T11:40:48.887Z", "user": 1, "content_type": 9, "object_id": "52", "object_repr": "Ebrahim Hirani - Database Management Systems", "action_flag": 3, "change_message": ""}}, {"model": "admin.logentry", "pk": 140, "fields": {"action_time": "2020-07-13T11:40:48.900Z", "user": 1, "content_type": 9, "object_id": "51", "object_repr": "Darsh Mehta - Database Management Systems", "action_flag": 3, "change_message": ""}}, {"model": "admin.logentry", "pk": 141, "fields": {"action_time": "2020-07-13T11:40:49.021Z", "user": 1, "content_type": 9, "object_id": "50", "object_repr": "Darsh Mehta - Database Management Systems", "action_flag": 3, "change_message": ""}}, {"model": "admin.logentry", "pk": 142, "fields": {"action_time": "2020-07-13T11:40:49.032Z", "user": 1, "content_type": 9, "object_id": "49", "object_repr": "Darsh Mehta - Database Management Systems", "action_flag": 3, "change_message": ""}}, {"model": "admin.logentry", "pk": 143, "fields": {"action_time": "2020-07-13T11:40:49.046Z", "user": 1, "content_type": 9, "object_id": "48", "object_repr": "Darsh Mehta - Database Management Systems", "action_flag": 3, "change_message": ""}}, {"model": "admin.logentry", "pk": 144, "fields": {"action_time": "2020-07-13T11:40:49.058Z", "user": 1, "content_type": 9, "object_id": "47", "object_repr": "Darsh Mehta - Database Management Systems", "action_flag": 3, "change_message": ""}}, {"model": "admin.logentry", "pk": 145, "fields": {"action_time": "2020-07-13T11:40:49.073Z", "user": 1, "content_type": 9, "object_id": "46", "object_repr": "Gaurav Patil - Database Management Systems", "action_flag": 3, "change_message": ""}}, {"model": "admin.logentry", "pk": 146, "fields": {"action_time": "2020-07-13T11:40:49.084Z", "user": 1, "content_type": 9, "object_id": "45", "object_repr": "Gaurav Patil - Database Management Systems", "action_flag": 3, "change_message": ""}}, {"model": "admin.logentry", "pk": 147, "fields": {"action_time": "2020-07-13T11:40:49.118Z", "user": 1, "content_type": 9, "object_id": "44", "object_repr": "Gaurav Patil - Database Management Systems", "action_flag": 3, "change_message": ""}}, {"model": "admin.logentry", "pk": 148, "fields": {"action_time": "2020-07-13T11:40:49.131Z", "user": 1, "content_type": 9, "object_id": "43", "object_repr": "Gaurav Patil - Database Management Systems", "action_flag": 3, "change_message": ""}}, {"model": "admin.logentry", "pk": 149, "fields": {"action_time": "2020-07-13T11:40:49.156Z", "user": 1, "content_type": 9, "object_id": "42", "object_repr": "Gaurav Patil - Database Management Systems", "action_flag": 3, "change_message": ""}}, {"model": "admin.logentry", "pk": 150, "fields": {"action_time": "2020-07-13T11:40:49.170Z", "user": 1, "content_type": 9, "object_id": "37", "object_repr": "Viraj Vohera - Database Management Systems", "action_flag": 3, "change_message": ""}}, {"model": "admin.logentry", "pk": 151, "fields": {"action_time": "2020-07-13T11:40:49.182Z", "user": 1, "content_type": 9, "object_id": "36", "object_repr": "Viraj Vohera - Database Management Systems", "action_flag": 3, "change_message": ""}}, {"model": "admin.logentry", "pk": 152, "fields": {"action_time": "2020-07-13T11:40:49.195Z", "user": 1, "content_type": 9, "object_id": "35", "object_repr": "Viraj Vohera - Database Management Systems", "action_flag": 3, "change_message": ""}}, {"model": "admin.logentry", "pk": 153, "fields": {"action_time": "2020-07-13T11:40:49.208Z", "user": 1, "content_type": 9, "object_id": "34", "object_repr": "Viraj Vohera - Database Management Systems", "action_flag": 3, "change_message": ""}}, {"model": "admin.logentry", "pk": 154, "fields": {"action_time": "2020-07-13T11:40:49.221Z", "user": 1, "content_type": 9, "object_id": "33", "object_repr": "Rishi Kaul - Database Management Systems", "action_flag": 3, "change_message": ""}}, {"model": "admin.logentry", "pk": 155, "fields": {"action_time": "2020-07-13T11:40:49.246Z", "user": 1, "content_type": 9, "object_id": "32", "object_repr": "Rishi Kaul - Database Management Systems", "action_flag": 3, "change_message": ""}}, {"model": "admin.logentry", "pk": 156, "fields": {"action_time": "2020-07-13T11:40:49.259Z", "user": 1, "content_type": 9, "object_id": "31", "object_repr": "Rishi Kaul - Database Management Systems", "action_flag": 3, "change_message": ""}}, {"model": "admin.logentry", "pk": 157, "fields": {"action_time": "2020-07-13T11:40:49.275Z", "user": 1, "content_type": 9, "object_id": "30", "object_repr": "Rishi Kaul - Database Management Systems", "action_flag": 3, "change_message": ""}}, {"model": "admin.logentry", "pk": 158, "fields": {"action_time": "2020-07-13T11:41:54.825Z", "user": 1, "content_type": 7, "object_id": "11", "object_repr": "Ebrahim Hirani - Database Management Systems", "action_flag": 3, "change_message": ""}}, {"model": "admin.logentry", "pk": 159, "fields": {"action_time": "2020-07-13T11:41:54.844Z", "user": 1, "content_type": 7, "object_id": "10", "object_repr": "Darsh Mehta - Database Management Systems", "action_flag": 3, "change_message": ""}}, {"model": "admin.logentry", "pk": 160, "fields": {"action_time": "2020-07-13T11:41:54.861Z", "user": 1, "content_type": 7, "object_id": "9", "object_repr": "Gaurav Patil - Database Management Systems", "action_flag": 3, "change_message": ""}}, {"model": "admin.logentry", "pk": 161, "fields": {"action_time": "2020-07-13T11:41:54.875Z", "user": 1, "content_type": 7, "object_id": "8", "object_repr": "Viraj Vohera - Design And Analysis Of Algorithms", "action_flag": 3, "change_message": ""}}, {"model": "admin.logentry", "pk": 162, "fields": {"action_time": "2020-07-13T11:41:54.889Z", "user": 1, "content_type": 7, "object_id": "7", "object_repr": "Viraj Vohera - Database Management Systems", "action_flag": 3, "change_message": ""}}, {"model": "admin.logentry", "pk": 163, "fields": {"action_time": "2020-07-13T11:41:54.904Z", "user": 1, "content_type": 7, "object_id": "6", "object_repr": "Rishi Kaul - Database Management Systems", "action_flag": 3, "change_message": ""}}, {"model": "admin.logentry", "pk": 164, "fields": {"action_time": "2020-07-13T12:53:58.090Z", "user": 1, "content_type": 4, "object_id": "1", "object_repr": "admin", "action_flag": 2, "change_message": "[{\"changed\": {\"fields\": [\"email\"]}}]"}}, {"model": "admin.logentry", "pk": 165, "fields": {"action_time": "2020-07-16T11:21:25.574Z", "user": 1, "content_type": 4, "object_id": "16", "object_repr": "AnantNimkar", "action_flag": 1, "change_message": "[{\"added\": {}}]"}}, {"model": "admin.logentry", "pk": 166, "fields": {"action_time": "2020-07-16T11:21:43.707Z", "user": 1, "content_type": 4, "object_id": "16", "object_repr": "AnantNimkar", "action_flag": 2, "change_message": "[{\"changed\": {\"fields\": [\"first_name\", \"last_name\", \"email\"]}}]"}}, {"model": "admin.logentry", "pk": 167, "fields": {"action_time": "2020-07-16T11:22:06.307Z", "user": 1, "content_type": 14, "object_id": "1", "object_repr": "Anant Nimkar", "action_flag": 1, "change_message": "[{\"added\": {}}]"}}, {"model": "admin.logentry", "pk": 168, "fields": {"action_time": "2020-07-21T10:12:43.034Z", "user": 1, "content_type": 9, "object_id": "100", "object_repr": "Rishi Kaul - Applied Maths 2", "action_flag": 3, "change_message": ""}}, {"model": "admin.logentry", "pk": 169, "fields": {"action_time": "2020-07-21T10:12:43.061Z", "user": 1, "content_type": 9, "object_id": "99", "object_repr": "Rishi Kaul - Applied Maths 2", "action_flag": 3, "change_message": ""}}, {"model": "admin.logentry", "pk": 170, "fields": {"action_time": "2020-07-21T10:12:43.077Z", "user": 1, "content_type": 9, "object_id": "98", "object_repr": "Rishi Kaul - Applied Maths 2", "action_flag": 3, "change_message": ""}}, {"model": "admin.logentry", "pk": 171, "fields": {"action_time": "2020-07-21T10:12:43.089Z", "user": 1, "content_type": 9, "object_id": "97", "object_repr": "Rishi Kaul - Applied Maths 2", "action_flag": 3, "change_message": ""}}, {"model": "admin.logentry", "pk": 172, "fields": {"action_time": "2020-07-21T10:12:43.104Z", "user": 1, "content_type": 9, "object_id": "96", "object_repr": "Rishi Kaul - Applied Maths 2", "action_flag": 3, "change_message": ""}}, {"model": "admin.logentry", "pk": 173, "fields": {"action_time": "2020-07-21T10:25:04.946Z", "user": 1, "content_type": 7, "object_id": "20", "object_repr": "Rishi Kaul - Applied Maths 2", "action_flag": 3, "change_message": ""}}, {"model": "admin.logentry", "pk": 174, "fields": {"action_time": "2020-07-21T11:18:32.204Z", "user": 1, "content_type": 7, "object_id": "21", "object_repr": "Rishi Kaul - Applied Maths 2", "action_flag": 3, "change_message": ""}}, {"model": "admin.logentry", "pk": 175, "fields": {"action_time": "2020-07-21T11:18:51.084Z", "user": 1, "content_type": 9, "object_id": "103", "object_repr": "Rishi Kaul - Applied Maths 2", "action_flag": 3, "change_message": ""}}, {"model": "admin.logentry", "pk": 176, "fields": {"action_time": "2020-07-21T11:18:51.198Z", "user": 1, "content_type": 9, "object_id": "102", "object_repr": "Rishi Kaul - Applied Maths 2", "action_flag": 3, "change_message": ""}}, {"model": "admin.logentry", "pk": 177, "fields": {"action_time": "2020-07-21T11:18:51.258Z", "user": 1, "content_type": 9, "object_id": "101", "object_repr": "Rishi Kaul - Applied Maths 2", "action_flag": 3, "change_message": ""}}, {"model": "admin.logentry", "pk": 178, "fields": {"action_time": "2020-08-04T14:27:57.722Z", "user": 1, "content_type": 4, "object_id": "8", "object_repr": "KiranGawande", "action_flag": 2, "change_message": "[{\"changed\": {\"fields\": [\"email\"]}}]"}}, {"model": "admin.logentry", "pk": 179, "fields": {"action_time": "2020-09-06T09:41:04.853Z", "user": 1, "content_type": 10, "object_id": "3", "object_repr": "Design And Analysis Of Algorithms", "action_flag": 2, "change_message": "[{\"changed\": {\"fields\": [\"batch\"]}}]"}}, {"model": "admin.logentry", "pk": 180, "fields": {"action_time": "2020-09-06T10:11:26.868Z", "user": 1, "content_type": 10, "object_id": "2", "object_repr": "Applied Maths 2", "action_flag": 2, "change_message": "[{\"changed\": {\"fields\": [\"batch\", \"sem_type\"]}}]"}}, {"model": "hod.hod", "pk": 1, "fields": {"user": 16, "fid": "1234"}}, {"model": "student.student", "pk": 1, "fields": {"user": 2, "uid": "2018130063", "branch": "COMP", "year": "SE", "sem": "4"}}, {"model": "student.student", "pk": 2, "fields": {"user": 3, "uid": "2018130021", "branch": "COMP", "year": "SE", "sem": "4"}}, {"model": "student.student", "pk": 3, "fields": {"user": 4, "uid": "2018130013", "branch": "COMP", "year": "TE", "sem": "6"}}, {"model": "student.student", "pk": 4, "fields": {"user": 5, "uid": "2018130050", "branch": "COMP", "year": "BE", "sem": "8"}}, {"model": "student.student", "pk": 5, "fields": {"user": 6, "uid": "2018130052", "branch": "COMP", "year": "BE", "sem": "8"}}, {"model": "student.student", "pk": 6, "fields": {"user": 10, "uid": "2018130042", "branch": "COMP", "year": "SE", "sem": "4"}}, {"model": "student.student", "pk": 7, "fields": {"user": 14, "uid": "2018130052", "branch": "COMP", "year": "SE", "sem": "4"}}, {"model": "student.student", "pk": 8, "fields": {"user": 12, "uid": "2018130052", "branch": "COMP", "year": "SE", "sem": "4"}}, {"model": "student.student", "pk": 9, "fields": {"user": 11, "uid": "2018130052", "branch": "COMP", "year": "SE", "sem": "4"}}, {"model": "student.student", "pk": 10, "fields": {"user": 13, "uid": "2018130052", "branch": "COMP", "year": "TE", "sem": "6"}}, {"model": "student.student", "pk": 11, "fields": {"user": 15, "uid": "2018130052", "branch": "COMP", "year": "BE", "sem": "8"}}, {"model": "teacher.teacher", "pk": 1, "fields": {"user": 9, "fid": "1"}}, {"model": "teacher.teacher", "pk": 2, "fields": {"user": 7, "fid": "2"}}, {"model": "teacher.teacher", "pk": 3, "fields": {"user": 8, "fid": "3"}}]